function,dimension,runs,prob_n,prob_fe,seed,python_mean,python_std_sample,python_std_population,paper_mean,paper_std,python_gap_to_optimum,paper_gap_to_optimum,gap_ratio_python_over_paper,mean_absolute_difference,elapsed_seconds
6,10,30,50,10000,20266729,-890.1542397707316,14.218856942546658,13.979867536122091,-868.49,8.87,9.845760229268421,31.50999999999999,0.3124646216841772,21.66423977073157,10.251902541000002
6,30,30,50,30000,20266749,-836.979807630352,22.67899361842934,22.29780691368399,-868.49,8.87,63.02019236964804,31.50999999999999,2.000006105034848,31.510192369648053,29.484835416
6,50,30,50,50000,20266769,-796.0477936322845,39.20901592526963,38.549993932128096,-868.49,8.87,103.95220636771546,31.50999999999999,3.2990227346149,72.44220636771547,56.290759957999995
13,10,30,50,10000,20273729,-170.9800561998439,7.07027833895766,6.951441668027535,5.9,98.8,29.019943800156113,205.9,0.14094193200658628,176.8800561998439,26.865281291000002
13,30,30,50,30000,20273749,-25.598039257748333,62.21806779791769,61.17231150738112,5.9,98.8,174.40196074225167,205.9,0.8470226359507124,31.49803925774833,133.8495165
13,50,30,50,50000,20273769,-111.62375055551566,74.44394876091454,73.192700844281,5.9,98.8,88.37624944448434,205.9,0.4292192785064805,117.52375055551566,335.934978625
21,10,30,50,10000,20281729,1023.1017589358573,66.4573648830536,65.3403548273144,1113.42,4.15,123.10175893585733,213.42000000000007,0.5768051679123667,90.31824106414274,41.811295125000015
21,30,30,50,30000,20281749,1027.8852014227145,46.72359043920093,45.938264080675154,1113.42,4.15,127.88520142271454,213.42000000000007,0.5992184491739972,85.53479857728553,182.81951212500007
21,50,30,50,50000,20281769,1319.0257661484925,324.9835994274294,319.5213011682439,1113.42,4.15,419.0257661484925,213.42000000000007,1.9633856533993643,205.60576614849242,407.222767375
